id,row_type,name,aidlc_phase,cluster,description,general_steps,reasoning_model,tools_in_practice,common_pitfalls,ai_leverage,ai_opportunity,evidence,eval_coverage,regression_risk,safety_exposure,flywheel_linkage,maps_to_classic,phase_status
AT-01,modify,Mine production traces into failure-mode clusters,1-Discovery,Discovery & Capability Mapping,"Turn raw production agent runs into ranked, named failure-mode clusters that point to what to fix next.","Sample recent production traces|Group by failure type|Rank clusters by frequency x severity|Link representative exemplars|File novel failures to the eval dataset|Hand off the ranked queue","Failing traces are the roadmap; cluster into patterns, never react to one-offs; the production distribution always differs from staging.","LangSmith|Langfuse|Arize Phoenix|Braintrust","Vibe-checking logs|reacting to one dramatic trace|ignoring novel modes|not growing the dataset",copilot,"Auto-cluster low-scoring traces into a triage queue; PM prioritizes which clusters matter.","braintrust:eval-driven-development|arize:phoenix-evals|concept:grounded-data-analyst",partial,low,med,consumer,T-088;T-006,now
AT-02,net-new,Run a capability-elicitation probe on a new model,1-Discovery,Discovery & Capability Mapping,"Test whether a newly released model unlocks a use case the current model cannot do.","Define candidate task + inputs|Prompt across regimes (zero/few-shot, tools)|Score vs the incumbent model|Note capability + failure deltas|Decide unlock yes/no/needs-work","A new model is an opportunity surface, not just a swap; probe for net-new capability before re-pricing the roadmap.","model playground|Braintrust|OpenAI/Anthropic consoles|OpenRouter","Anecdotal one-prompt judgments|testing on memorized examples|ignoring cost/latency of the new capability",copilot,"AI runs the probe battery and scores; PM judges whether the unlocked capability is worth building on.","arxiv:llm-agent-eval-survey-2025|concept:agent-benchmarking",partial,low,none,none,net-new,now
AT-03,modify,Triage a thumbs-down or negative-feedback event,1-Discovery,Discovery & Capability Mapping,"Classify a single user-flagged bad output and route it to a fix or the dataset.","Read the flagged trace|Reproduce with seed/temperature|Classify the failure type|Add to the eval/regression dataset|Route to prompt/retrieval/tool/model owner","A thumbs-down is a labeled datapoint, not a complaint; reproduce before believing and capture it before it decays.","Langfuse|LangSmith|Braintrust|Zendesk","Treating it as a one-off|not reproducing|losing the trace link|no dataset capture",copilot,"AI drafts the classification + repro and proposes the route; PM confirms severity.","braintrust:how-to-eval|concept:grounded-data-analyst",partial,low,med,producer,T-052;T-005,now
AT-04,net-new,Build a use-case to eval-gap map,1-Discovery,Discovery & Capability Mapping,"Map desired product behaviors to existing evals and flag the ungraded ones before they regress.","Enumerate target use cases/behaviors|Map each to an existing eval|Flag behaviors with no coverage|Size the risk of each gap|Prioritize gaps to close","Ungraded behavior is unmanaged behavior; coverage gaps are where silent regressions hide.","Braintrust|Promptfoo|spreadsheet","Assuming a passing suite means full coverage|ignoring slices|no risk sizing",copilot,"AI inventories behaviors and cross-references the eval suite; PM ranks the gaps.","braintrust:evals-are-the-new-prd|pixelbank:edd",partial,med,med,none,net-new,now
AT-05,modify,Competitive model or agent teardown on your eval set,1-Discovery,Discovery & Capability Mapping,"Run a competitor model or agent through your own rubric to locate capability deltas.","Get competitor access|Run your eval set through it|Score vs your system|Note where it wins/loses|Decide borrow/counter/ignore","Your eval set is the only fair comparison; public leaderboards measure someone else's task, not yours.","Braintrust|Promptfoo|OpenRouter","Trusting public benchmark scores|definition mismatch|copying capability without the use case",copilot,"AI runs the competitor through the harness and tabulates deltas; PM judges the strategic response.","concept:agent-benchmarking|braintrust:how-to-eval",gated,low,none,none,T-007,now
AT-06,modify,Cluster negative feedback into quality themes,1-Discovery,Discovery & Capability Mapping,"Cluster thumbs-down, edits, and complaints into ranked quality themes for the roadmap.","Pull the feedback window|Cluster by theme|Rank by frequency x severity|Link exemplars|Tag novel themes","The score is noise; the verbatims and edits are the signal about what to fix.","Arize Phoenix|Enterpret|Dovetail|Braintrust","Fixating on the aggregate score|over-reading a small sample|losing source links",copilot,"AI clusters and ranks; PM validates the themes.","braintrust:eval-driven-development|concept:grounded-data-analyst",partial,low,med,consumer,T-005;T-145,now
AT-07,modify,Mine tool-call logs for unreliable tools,1-Discovery,Discovery & Capability Mapping,"Find tools or MCP servers with high error, timeout, or misuse rates from trace spans.","Pull tool-call spans|Compute error+latency+timeout by tool|Rank the unreliable tools|Flag flaky/abused tools|Hand off for fix or replacement","A flaky tool quietly caps agent quality; reliability of the tool surface is a product metric, not just an ops one.","OpenTelemetry traces|Helicone|Datadog LLM Obs|LangSmith","Treating tool errors as pure ops|ignoring silent timeouts|no per-tool attribution",copilot,"AI aggregates tool-call spans and ranks reliability; PM decides fix vs replace.","otel:genai-semconv|concept:llm-observability",partial,med,none,consumer,T-085,now
AT-08,modify,Write the eval rubric or scoring function for a capability,2-Eval-Spec,Eval & Spec Definition (hub),"Define what good means for an AI capability as a graded scoring function; the eval is the modern PRD.","Assemble real example inputs|Define the task the system performs|Write explicit one-dimension scoring criteria|Encode graded scores|Calibrate against human judgment|Version the rubric","The scoring function is the new PRD; the prompt is temporary, the eval is permanent; score one dimension per scorer or you cannot localize a regression.","Braintrust|Promptfoo|LangSmith|OpenAI Evals","Delegating the rubric to engineers|vibe-checking instead of scoring|lumping multiple dimensions|no real-data examples",human-led,"AI drafts candidate criteria + a starter dataset; the PM personally owns and calibrates the rubric.","braintrust:evals-are-the-new-prd|aakashg:ankur-goyal",gated,high,med,producer,T-046;T-029,now
AT-09,net-new,Curate a golden eval dataset from prod traces,2-Eval-Spec,Eval & Spec Definition (hub),"Build the versioned dataset of representative and hard cases the eval suite runs against.","Sample representative + hard + adversarial cases|De-dup|Label expected behavior|Check leakage vs training|Version and freeze the split","The dataset is the new user research; a frozen, representative split is what makes scores comparable over time.","Braintrust Datasets|Langfuse Datasets|Argilla","Over-fitting the set to today's prompt|leakage into training|stale set that drifts from prod",copilot,"AI proposes candidate cases from traces; PM curates and labels the gold.","braintrust:how-to-eval|aakashg:ankur-goyal",partial,high,med,producer,net-new,now
AT-10,net-new,Design a single-dimension code-based scorer,2-Eval-Spec,Eval & Spec Definition (hub),"Write a deterministic scorer that checks exactly one quality dimension (format, schema, exact-match).","Pick one dimension|Write the deterministic check|Unit-test the scorer on known cases|Register it in the suite","Use code for what code can check; one dimension per scorer keeps optimization trade-offs visible.","autoevals|Promptfoo|Python|Braintrust","Lumping dimensions|scoring quality as one number|untested scorer",copilot,"AI writes the scorer code from the dimension spec; PM verifies it measures the right thing.","braintrust:how-to-eval|arize:phoenix-evals",gated,med,none,producer,net-new,now
AT-11,net-new,Design an LLM-as-judge scorer and rubric,2-Eval-Spec,Eval & Spec Definition (hub),"Build an LLM-judge scorer for nuanced qualities code cannot check (tone, faithfulness, helpfulness).","Write the judge prompt with good/bad examples|Use chain-of-thought scoring|Choose the judge model (often different from task model)|Pin the version","A judge prompt is product knowledge, not engineering; vague judge prompts produce vague scores; the judge can itself be wrong.","Braintrust|Arize Phoenix Evals|DeepEval","Vague criteria|judge equals task model with same blind spots|no examples|unpinned judge drifting",copilot,"AI drafts the judge prompt + rubric; PM owns the criteria and must calibrate it.","braintrust:how-to-eval|arize:phoenix-evals|aakashg:ankur-goyal",partial,high,med,producer,net-new,now
AT-12,modify,Calibrate an LLM judge against human labels,2-Eval-Spec,Eval & Spec Definition (hub),"Measure and maintain judge-to-human agreement so eval scores keep reflecting real quality.","Sample judged items|Collect human labels|Compute agreement (e.g., kappa)|Adjust the judge prompt|Re-measure on a holdout|Schedule recurring recalibration","Without calibration, scoring drift silently inflates or deflates results; the judge is an instrument that needs re-zeroing.","Braintrust|Arize Phoenix|spreadsheet","Trusting an uncalibrated judge|one-time calibration|no drift monitoring",copilot,"AI runs the agreement computation and proposes prompt fixes; PM owns the human-label ground truth.","braintrust:eval-driven-development|aakashg:ankur-goyal",partial,high,med,producer,T-124,now
AT-13,net-new,Run an eval-coverage gap analysis,2-Eval-Spec,Eval & Spec Definition (hub),"Find behaviors and slices with no automated grader before they regress in production.","List behaviors + slices|Map to evals|Flag gaps|Size each gap's risk|Recommend new evals","You can only safely automate what you can grade; coverage is the precondition for autonomy.","Braintrust|spreadsheet","Assuming a green suite equals covered|ignoring rare-but-severe slices",copilot,"AI cross-references behaviors against the suite; PM ranks gaps by risk.","braintrust:evals-are-the-new-prd|pixelbank:edd",partial,med,med,none,net-new,now
AT-14,modify,Build slice and segment evals,2-Eval-Spec,Eval & Spec Definition (hub),"Score the system by input type, length, language, and user segment to catch localized regressions.","Define slices|Split the dataset|Run per-slice scoring|Flag the worst slices|Track slice trend","An aggregate pass can hide a broken slice; quality is a distribution, read it by segment.","Braintrust|Arize Phoenix|warehouse SQL","Aggregate-only reporting|under-powered slices|ignoring language/locale",copilot,"AI computes per-slice scores; PM judges which slices matter.","braintrust:how-to-eval|arxiv:llm-agent-eval-survey-2025",gated,med,none,none,T-079,now
AT-15,modify,Version and changelog an eval suite,2-Eval-Spec,Eval & Spec Definition (hub),"Snapshot and changelog the eval suite so score movements are attributable to suite vs system changes.","Snapshot the suite|Diff vs prior version|Note threshold/criteria changes|Tag the release","If the ruler changes silently you cannot tell improvement from measurement drift; version the ruler.","Braintrust|git","Silent threshold changes|untracked dataset edits|no changelog",autonomous,"AI snapshots and diffs the suite automatically into a changelog.","braintrust:eval-driven-development",gated,med,none,none,T-123,now
AT-16,modify,Define the release quality bar (eval thresholds),2-Eval-Spec,Eval & Spec Definition (hub),"Pre-commit the exact eval thresholds that decide ship/hold for any model or prompt change.","Pick the gating metrics|Set pass thresholds + CIs|Set guardrail floors (safety, groundedness)|Lock the bar before the change|Document it","Pre-register the bar before data exists to prevent motivated reasoning at ship time; the gate is the eval, not a vibe.","Braintrust|docs","Setting the bar after seeing results|no guardrail floors|moving goalposts",human-led,"AI proposes thresholds from history; PM owns and locks the bar.","braintrust:eval-driven-development|aakashg:ankur-goyal",gated,high,med,none,T-138;T-031,now
AT-17,modify,Author adversarial and regression eval cases from an incident,2-Eval-Spec,Eval & Spec Definition (hub),"Turn a production failure into a permanent regression test so it never silently returns.","Take the failing trace|Minimize a reliable repro|Encode expected behavior|Add to the regression set|Confirm it fails pre-fix and passes post-fix","Every incident is a free eval case; a fixed bug without a regression test is a bug waiting to recur.","Braintrust|Promptfoo","Fixing without a regression case|non-reproducible case|over-specific case that never re-triggers",copilot,"AI drafts the regression case from the trace; PM confirms it captures the real failure.","braintrust:eval-driven-development|pixelbank:edd",gated,high,med,producer,T-053,now
AT-18,modify,Run the weekly eval-score review,2-Eval-Spec,Eval & Spec Definition (hub),"Hold a weekly team review of eval-score movement and regressions, not a feature demo.","Pull the week's eval scores|Flag regressions + wins|Tie each move to a change|Assign follow-ups|Update the bar if needed","The flywheel is the new sprint cycle; demo scores weekly so regressions surface in days, not quarters.","Braintrust|Slack|spreadsheet","Demoing features instead of scores|no owner per regression|ignoring slow drift",copilot,"AI assembles the weekly score delta + candidate causes; PM runs the judgment.","braintrust:evals-are-the-new-prd|aakashg:ankur-goyal",gated,med,none,none,T-073,now
AT-19,net-new,Author and version a prompt in the registry,3-System-Agent,System & Agent Design,"Write and version a prompt as a tracked artifact linked to its eval.","Draft the prompt|Diff vs current|Tag a version|Link the governing eval|Register","Prompts are code; version them, link them to an eval, and never edit prod prompts in place.","Braintrust prompts|LangSmith Hub|PromptLayer","Editing prod prompts untracked|no eval link|prompt sprawl",copilot,"AI drafts and diffs prompt versions; PM owns intent and the eval link.","braintrust:eval-driven-development|aakashg:ankur-goyal",gated,high,med,none,net-new,now
AT-20,net-new,Prompt regression test before merge,3-System-Agent,System & Agent Design,"Run a candidate prompt against the eval set and block the merge on any score regression.","Run candidate vs baseline on the eval set|Compare scores per dimension|Block on regression|Report deltas","A one-line prompt edit is a distribution change; gate it like code, because it can silently regress everything.","Braintrust CI|Promptfoo|GitHub Actions","Shipping prompt edits ungated|eyeballing a few outputs|ignoring slice regressions",autonomous,"Runs unattended as a CI gate; blocks regressions automatically.","braintrust:eval-driven-development|pixelbank:edd",gated,high,med,none,net-new,now
AT-21,net-new,Context-window budget design,3-System-Agent,System & Agent Design,"Decide what enters the context window and at what token cost for a given task.","Inventory context sources|Rank by value per token|Set the token budget|Test truncation/eviction behavior|Eval quality vs budget","Context is a scarce, paid resource; more tokens is not more quality past the point of dilution.","tokenizer|tracing|spreadsheet","Stuffing context|ignoring cost per token|no eval on truncation",copilot,"AI proposes the budget and tests truncation; PM sets the value ranking.","pixelbank:edd|concept:grounded-data-analyst",partial,med,none,none,net-new,now
AT-22,net-new,Design or iterate a RAG retrieval pipeline,3-System-Agent,System & Agent Design,"Design chunking, embeddings, and reranking for retrieval-augmented generation.","Choose chunking strategy|Pick the embedding model|Add a reranker|Wire retrieved context to the prompt|Eval end-to-end","Retrieval quality caps answer quality; a wrong chunk is a confident wrong answer.","LlamaIndex|LangChain|pgvector/Pinecone/Weaviate|Cohere rerank","Chunking by bytes not meaning|no reranker|ignoring retrieval recall",copilot,"AI iterates the pipeline configs; PM owns the quality target.","concept:llm-observability|arize:phoenix-evals",partial,high,med,none,net-new,now
AT-23,net-new,Eval retrieval quality,3-System-Agent,System & Agent Design,"Measure recall@k and the groundedness of retrieved context independently of the generator.","Build a retrieval eval set|Measure recall@k|Measure answer groundedness on retrieved context|Flag low-recall queries","Separate retrieval failures from generation failures, or you will tune the wrong half.","Arize Phoenix (RAG metrics)|Ragas|Braintrust","Only evaluating the final answer|no recall measurement|ignoring grounding",copilot,"AI computes recall@k and groundedness; PM judges acceptable retrieval.","arize:phoenix-evals|concept:llm-observability",gated,high,med,none,net-new,now
AT-24,modify,Design a tool or function schema,3-System-Agent,System & Agent Design,"Specify the tool contract the model calls: inputs, outputs, errors, and model-legible descriptions.","Define inputs/outputs|Specify error semantics|Write a description the model can act on|Test with the model|Version the schema","The tool description is a prompt; design for the model's job, and make errors part of the contract.","JSON Schema|OpenAI/Anthropic tool specs|MCP","Human-centric naming|undefined errors|ambiguous descriptions the model misuses",copilot,"AI drafts the schema + description; PM/eng confirm the contract.","arxiv:llm-agent-eval-survey-2025|otel:genai-semconv",partial,high,med,none,T-039,now
AT-25,net-new,Eval tool-call accuracy,3-System-Agent,System & Agent Design,"Measure whether the model selects the right tool with the right arguments.","Build a tool-use eval set|Score tool selection|Score argument accuracy|Flag systematic misuse","Tool-use is a distinct capability with its own benchmark; an agent that calls the wrong tool well is still wrong.","BFCL-style harness|Braintrust|tau-bench-style scenarios","Only scoring final answer|ignoring arg errors|no negative (should-not-call) cases",copilot,"AI scores selection + args against gold; PM curates the scenarios.","concept:agent-benchmarking|arxiv:llm-agent-eval-survey-2025",gated,high,med,none,net-new,now
AT-26,modify,Select or evaluate an MCP server (governance + reliability),3-System-Agent,System & Agent Design,"Evaluate and approve an MCP server for reliability, schema quality, and security before wiring it in.","Check provenance + governance (managed vs shadow)|Test schema + reliability|Eval tool-call success rate|Review security/permission surface|Approve or reject","An MCP server is third-party code in your agent loop; unvetted servers bypass security and audit controls.","MCP registry|Runlayer-managed servers|Promptfoo|trace logs","Installing shadow/unmanaged servers|trusting marketing over testing|ignoring permission scope",copilot,"AI tests reliability + schema; PM/security own the governance approval.","otel:genai-semconv|concept:grounded-data-analyst",partial,med,high,none,T-119;T-026,now
AT-27,net-new,Design the agent loop or harness,3-System-Agent,System & Agent Design,"Define the plan-act-observe loop, termination conditions, and tool-call ceilings for the agent.","Define the loop structure|Set stop/termination conditions|Set max steps + token ceiling|Handle tool errors + retries|Spec memory hooks","The harness is the product; unbounded loops burn money and an agent with no stop condition fails unsafely.","LangGraph|OpenAI Agents SDK|custom harness","No termination condition|unbounded tool-calls|silent infinite loops|no error handling",copilot,"AI proposes loop + guards; PM/eng own the architecture and limits.","arxiv:gaia2-are-2025|concept:grounded-data-analyst",partial,high,high,none,net-new,now
AT-28,net-new,"Set the agent step, tool-call, and token budget",3-System-Agent,System & Agent Design,"Bound cost and loops per run with explicit step, tool-call, and token ceilings.","Set max tool-calls|Set max tokens per run|Set a per-run cost cap|Add a loop-guard|Alert on cap hits","Every run has a cost ceiling or it has none; the budget is a safety and an economics control at once.","AI service config|model gateway|Helicone","No per-run cap|runaway loops|no alert on cap breaches",copilot,"AI recommends budgets from run telemetry; PM sets the ceiling.","concept:llm-observability|concept:grounded-data-analyst",partial,med,med,none,net-new,now
AT-29,modify,Run a model bake-off on your eval set,3-System-Agent,System & Agent Design,"Select a model by running candidates through your own rubric, not public leaderboards.","Pick candidate models|Run your eval suite on each|Compare quality/cost/latency|Note slice differences|Recommend the model","Choose on your task, not someone else's benchmark; the cheapest model that clears your bar wins.","OpenRouter|Braintrust|LiteLLM","Choosing by leaderboard|ignoring cost/latency|single-slice comparison",copilot,"AI runs the bake-off matrix; PM weighs the cost/quality/latency trade.","concept:agent-benchmarking|braintrust:how-to-eval",gated,high,med,none,T-025;T-119,now
AT-30,net-new,Design a model routing policy,3-System-Agent,System & Agent Design,"Route easy tasks to a cheap model and hard tasks to a strong one, with a fallback chain.","Define the routing signal|Set thresholds|Define the fallback chain|Eval routed vs single-model|Monitor route mix","Routing is the cost-quality lever; most traffic is easy, so do not pay frontier prices for it.","LiteLLM|OpenRouter|NotDiamond/RouteLLM|Martian","Routing without an eval|no fallback|routing signal that misclassifies hard tasks",copilot,"AI proposes and evaluates the policy; PM owns the cost/quality target.","concept:llm-observability|concept:agent-benchmarking",gated,high,med,none,net-new,now
AT-31,net-new,Run a prompt-optimization pass (DSPy/GEPA),3-System-Agent,System & Agent Design,"Auto-optimize a prompt against the eval metric and validate the gain on a holdout.","Define the optimization metric|Run the optimizer|Validate on held-out data|Diff vs the hand-written prompt|Promote or discard","Optimize against the eval, not vibes; an optimizer that overfits the dev set is a regression in disguise.","DSPy|GEPA|OpenAI prompt optimizer","Overfitting the dev set|no holdout validation|optimizing a mis-specified metric",autonomous,"The optimizer runs the search; PM validates the holdout gain.","braintrust:eval-driven-development|arxiv:llm-agent-eval-survey-2025",gated,high,med,none,net-new,now
AT-32,net-new,Design agent memory,3-System-Agent,System & Agent Design,"Decide what persists across turns/runs, how it is retrieved, and how it is bounded and protected.","Define memory scope|Set write/read policy|Define staleness/eviction|Address privacy of stored memory|Eval retrieval relevance","Memory is state with privacy and staleness risk; stale or leaked memory is worse than none.","vector store|agent framework|pgvector","Unbounded memory growth|stale memory poisoning answers|storing PII without controls",copilot,"AI proposes the memory design; PM owns scope, privacy, and eviction.","arxiv:gaia2-are-2025|otel:genai-semconv",partial,med,high,none,net-new,now
AT-33,net-new,Design a preference-data collection task,4-Training-Flywheel,Data & Training Flywheel,"Define the comparison units (prompts, response pairs, ranking rules) that feed RLHF/DPO.","Define the prompt distribution|Choose a pairing strategy|Source candidate responses|Define the comparison schema|Pilot with a small batch","Preference data is the product spec encoded as comparisons; garbage pairs train a garbage reward.","Surge AI|Mercor|Labelbox|Argilla","Unrepresentative prompts|ambiguous comparisons|no pilot",copilot,"AI drafts the task design + schema; PM owns what preferred means.","mercor:rlhf|syncsoft:rlhf-rlaif-2026",partial,high,med,producer,net-new,later
AT-34,net-new,Write annotation and rater guidelines,4-Training-Flywheel,Data & Training Flywheel,"Author the rubric humans (and AI judges) follow when labeling preferences or quality.","Define criteria|Give good/bad examples|Write tie-break rules|Cover edge cases|Version the guideline","Inconsistent raters train a noisy reward; the guideline is the calibration source for both humans and AI judges.","docs|Label Studio|Argilla","Vague criteria|no examples|no tie-break rules",human-led,"AI drafts the guideline from examples; PM owns the definition of good.","mercor:rlhf|syncsoft:rlhf-rlaif-2026",partial,high,med,producer,net-new,later
AT-35,modify,Recruit and calibrate raters; measure inter-rater agreement,4-Training-Flywheel,Data & Training Flywheel,"Recruit, qualify, and calibrate human raters and track inter-rater agreement.","Recruit/qualify raters|Run a calibration set|Compute inter-rater agreement|Re-train low-agreement raters|Manage the vendor","If raters disagree the reward learns noise; agreement is the quality floor of the whole training loop.","Surge AI|Mercor|Labelbox","No calibration set|ignoring low agreement|unmanaged vendor quality variance",human-led,"AI computes agreement + flags outliers; PM/vendor own rater quality.","mercor:rlhf|intuitionlabs:rlhf-platforms-2026",partial,high,med,producer,T-021,later
AT-36,net-new,Audit preference-data quality,4-Training-Flywheel,Data & Training Flywheel,"Catch noisy, biased, or gamed labels before they train the reward model.","Sample labels|Re-label a gold subset|Flag drift/bias|Quarantine bad batches|Report quality","A bad label compounds through the reward into the policy; audit before you train, not after.","Argilla|Snorkel|spreadsheet","Trusting vendor labels blind|no gold re-label|ignoring batch effects",copilot,"AI flags suspicious labels + computes drift; PM sets the quality bar.","mercor:rlhf|syncsoft:rlhf-rlaif-2026",partial,high,med,producer,net-new,later
AT-37,net-new,Spec a reward-model train and eval,4-Training-Flywheel,Data & Training Flywheel,"Define what the reward model should reward and how its quality is independently tested.","Define the reward target|Pick the training data|Spec a held-out RM eval|Set acceptance criteria|Plan portability for online RL/eval","A reward model is a portable scorer; spec its eval as rigorously as the policy's, or it will reward the wrong thing.","TRL|OpenRLHF|Braintrust","No held-out RM eval|reward target misaligned with product|untested reward",human-led,"AI drafts the train/eval spec; PM owns the reward definition.","mercor:rlhf|pmlr:rlaif-lee-2024|intellect3:rl-stack",gated,high,high,producer,net-new,later
AT-38,net-new,Detect reward hacking and reward-model gaming,4-Training-Flywheel,Data & Training Flywheel,"Find where the policy exploits the reward to get high scores with low real quality.","Inspect high-reward/low-quality samples|Probe known exploits|Quantify the gap|Patch the reward/verifier|Re-test","Any reward will be gamed; the question is whether you find the exploit before your users do.","eval suite|manual review|Braintrust","Trusting the reward number|no adversarial probing|patching symptoms not the reward",copilot,"AI surfaces high-reward/low-quality divergences; PM judges the exploit.","mercor:rlhf|arxiv:gaia2-are-2025",partial,high,high,producer,net-new,later
AT-39,net-new,Design an RLAIF or Constitutional preference pipeline,4-Training-Flywheel,Data & Training Flywheel,"Use an AI judge to label routine preferences and route only ambiguous or high-stakes cases to humans.","Write the constitution/judge rubric|Generate AI preference labels|Route ambiguous cases to humans|Validate AI labels vs human on a sample|Monitor label quality","AI labels are far cheaper than human pairs and comparable on clear cases; reserve humans for the hard, high-stakes ones.","Constitutional-AI-style judge|Surge/Mercor (hard cases)|Argilla","Circular AI-judging-AI on ambiguous cases|no human validation|over-trusting AI labels on high-stakes",copilot,"The pipeline auto-labels at scale; PM owns the constitution + the human-routing rule.","pmlr:rlaif-lee-2024|syncsoft:rlhf-rlaif-2026|mercor:rlhf",partial,high,high,producer,net-new,later
AT-40,net-new,Curate an SFT dataset,4-Training-Flywheel,Data & Training Flywheel,"Assemble supervised fine-tuning examples from prod traces and expert demonstrations.","Select demonstrations|Clean and format|De-dup vs the eval set|Label quality|Version","SFT data quality sets the ceiling; a few hundred excellent examples beat a noisy pile.","warehouse|Argilla|TRL","Leakage into eval|low-quality demos|format inconsistency",copilot,"AI proposes candidate examples; PM curates the gold demonstrations.","intellect3:rl-stack|mercor:rlhf",partial,high,med,producer,net-new,later
AT-41,net-new,Plan a distillation run and eval gate,4-Training-Flywheel,Data & Training Flywheel,"Plan distilling a strong teacher into a cheaper student, gated on an eval acceptance bar.","Pick teacher + student|Generate the distillation set|Set eval acceptance|Run + eval the student|Gate the ship","Distillation trades quality for cost; gate on the eval or you ship a quietly worse model to save money.","TRL|vLLM|Braintrust","No eval gate|distilling a biased teacher|ignoring slice regressions",copilot,"AI runs the distill + eval; PM owns the quality-vs-cost acceptance.","intellect3:rl-stack|braintrust:eval-driven-development",gated,high,med,producer,net-new,later
AT-42,net-new,Decide fine-tune vs prompt vs RAG,4-Training-Flywheel,Data & Training Flywheel,"Make the build-method call for a capability gap: prompt, retrieve, or train.","Frame the capability gap|Estimate cost/latency/quality of each path|Check data availability|Weigh maintenance burden|Recommend and document","Fine-tuning is the last resort, not the first; for an orchestrator the answer is usually prompt/RAG until evals prove otherwise.","decision doc|eval data|spreadsheet","Fine-tuning prematurely|ignoring data cost|no eval evidence for the choice",human-led,"AI models the trade-offs; PM owns the build-vs-train decision.","braintrust:eval-driven-development|concept:grounded-data-analyst",partial,med,none,none,net-new,now
AT-43,net-new,Author an RL environment (dataset + harness + reward),4-Training-Flywheel,Data & Training Flywheel,"Author a verifiable environment for training/eval; an environment and an agent eval are the same object.","Define task inputs (dataset)|Spec the harness/sandbox + tools|Write the reward/rubric|Version as a module|Publish to the env registry","An RL environment and an agent eval are the same thing - dataset + harness + scoring rules; build it once, use it for both.","Prime Intellect verifiers|Environments Hub|prime-rl","Treating envs and evals as separate|non-reproducible harness|reward that is easy to game",human-led,"AI scaffolds the env module; PM owns the task definition + reward.","primeintellect:verifiers|primeintellect:environments-hub|intellect3:rl-stack",gated,high,high,producer,net-new,later
AT-44,net-new,Design a sandbox or tool emulator for an environment,4-Training-Flywheel,Data & Training Flywheel,"Build deterministic, isolated stand-ins for real tools so the environment is safe and reproducible.","Enumerate the real tools|Build deterministic mocks|Seed environment state|Verify isolation|Validate fidelity vs real tools","Training/eval needs determinism and isolation; a sandbox that drifts from reality teaches the wrong lesson.","Modal|E2B|Daytona|Docker","Non-deterministic mocks|leaky isolation|emulator that diverges from prod tools",copilot,"AI generates the mocks; PM/eng verify fidelity and isolation.","primeintellect:verifiers|intellect3:rl-stack",partial,med,high,none,net-new,later
AT-45,net-new,Design and anti-game a reward or verifier function,4-Training-Flywheel,Data & Training Flywheel,"Make high reward actually mean good by red-teaming the reward against exploits.","Define a verifiable signal|List likely exploits|Add anti-gaming checks|Red-team the reward|Lock and version","Verifiable rewards (RLVR) are powerful and brittle; the reward is a spec the policy will attack relentlessly.","verifiers|custom checks|eval suite","Easily-gamed reward|reward proxy diverging from quality|no adversarial test",human-led,"AI proposes the reward + probes exploits; PM owns the verifiable definition.","primeintellect:verifiers|arxiv:gaia2-are-2025",gated,high,high,producer,net-new,later
AT-46,net-new,Generate and validate synthetic data,4-Training-Flywheel,Data & Training Flywheel,"Generate synthetic cases and prove they are useful and not contamination.","Define the generation recipe|Generate cases|Validate quality + diversity|Check leakage vs the eval set|Accept or discard","Unvalidated synthetic data is contamination wearing a costume; validate diversity and leakage before use.","frontier model|dedup/embedding tools|Argilla","Mode-collapsed generations|leakage into eval|no diversity check",copilot,"AI generates + self-checks; PM validates utility and leakage.","braintrust:how-to-eval|intellect3:rl-stack",partial,high,med,producer,net-new,now
AT-47,net-new,Run a train/eval contamination and leakage check,4-Training-Flywheel,Data & Training Flywheel,"Detect overlap between training data and the eval set so scores are not inflated.","Hash/embed both sets|Compute overlap/near-dupes|Flag contaminated cases|Quarantine|Re-split clean","A contaminated eval flatters you into shipping a worse model; clean separation is non-negotiable.","dedup/embedding tools|spreadsheet","Exact-match-only checks (missing near-dupes)|ignoring template leakage|no re-split",autonomous,"Runs as an automated leakage gate over train/eval splits.","intellect3:rl-stack|braintrust:eval-driven-development",gated,high,none,producer,net-new,now
AT-48,net-new,Wire the data flywheel (prod trace to dataset/eval/train),4-Training-Flywheel,Data & Training Flywheel,"Stand up the standing pipeline that turns production traces into eval/training data.","Define capture-to-dataset rules|Set a sampling policy|Scrub PII/consent|Route to eval (now) and train (later)|Set the cadence","Production traces are the next dataset; the flywheel is the compounding asset, and its leak is PII.","tracing (LangSmith/Langfuse)|Datasets|cron/pg_cron","No sampling policy|PII captured without consent|capturing without ever using it",copilot,"AI proposes the sampling + scrub rules; PM owns consent/PII policy.","braintrust:how-to-eval|concept:grounded-data-analyst",partial,high,high,producer,net-new,now
AT-49,net-new,Configure eval-gated CI,5-Delivery,Delivery & Release,"Block merges that drop eval scores below threshold via a CI gate.","Wire the eval suite to PRs|Set the thresholds|Fail the build on regression|Report which cases regressed|Require override sign-off","The eval is the unit test for non-deterministic systems; if it is not in CI, it is not a gate.","Braintrust GitHub Action|Promptfoo CI|GitHub Actions","Eval suite not in CI|thresholds too loose|silent overrides",autonomous,"Runs the eval gate automatically on every PR.","braintrust:eval-driven-development|pixelbank:edd",gated,high,med,none,net-new,now
AT-50,modify,Pin and version a model+prompt release bundle,5-Delivery,Delivery & Release,"Snapshot model id, prompt, tools, and config as one pinned, eval-scored release bundle.","Snapshot model id + prompt + tools + config|Record the eval scores|Tag the bundle|Link the rollback target","A model release is a bundle, not a model id; pin everything that affects behavior so you can roll back cleanly.","git|prompt registry|model gateway","Pinning only the model id|unversioned prompt/config|no recorded scores",copilot,"AI assembles + tags the bundle; PM confirms the release set.","braintrust:eval-driven-development|concept:grounded-data-analyst",gated,high,none,none,T-118,now
AT-51,modify,Plan a canary or shadow deployment for a model change,5-Delivery,Delivery & Release,"Plan a canary or shadow rollout for a model/prompt change with online scoring gates.","Choose shadow vs canary|Set traffic %|Wire online scorers|Define advance/hold/rollback criteria|Assign a monitor","A model change is a prod change; ramp it behind online evals, because offline scores never fully predict prod.","LaunchDarkly/Statsig|model gateway|online evals","Big-bang model swaps|no online scoring|no rollback trigger",copilot,"AI drafts the ramp + gates; PM/eng confirm before exposure.","braintrust:eval-driven-development|concept:llm-observability",gated,high,med,none,T-040,now
AT-52,modify,Online A/B a model or prompt change with quality and business guardrails,5-Delivery,Delivery & Release,"Run an online experiment on a model/prompt change against quality and business guardrails.","State the hypothesis|Define the online quality metric + guardrails|Compute power/sample size|Pre-set the ship rule|Read out vs criteria","Offline eval is necessary but not sufficient; the prod distribution decides, so confirm online before full rollout.","Statsig|Braintrust online|warehouse SQL","Shipping on offline scores alone|peeking|no guardrail metrics",copilot,"AI assembles the readout vs criteria; PM owns the ship/kill call.","braintrust:how-to-eval|pixelbank:edd",gated,high,med,none,T-037;T-069,now
AT-53,modify,Execute a model or prompt rollback on quality regression,5-Delivery,Delivery & Release,"Revert to the last-good bundle when online quality regresses.","Confirm the regression vs baseline|Select the last-good bundle|Revert|Verify recovery|Log + open a regression case","Reversible mitigation first; a clean pinned bundle makes rollback a one-click decision under pressure.","model gateway|flags|traces","No pinned last-good|slow rollback|no recovery verification",human-led,"AI detects the regression + prepares the revert; a human authorizes it.","braintrust:eval-driven-development|concept:llm-observability",gated,high,high,none,T-067,now
AT-54,modify,Release-readiness go/no-go on eval and safety gates,5-Delivery,Delivery & Release,"Make the ship call against eval, safety, cost, and rollback-readiness gates.","Confirm eval pass vs the bar|Confirm safety/red-team pass|Confirm rollback is ready|Confirm cost in budget|Record go/no-go","Ship only when the eval, the safety gate, and the rollback all hold; one unchecked critical gate is a no-go.","checklist|Braintrust|red-team report","Shipping without a safety pass|no rollback ready|overriding a failed gate",human-led,"AI assembles the gate status; the go/no-go call stays human.","braintrust:eval-driven-development|concept:grounded-data-analyst",gated,high,high,none,T-055,now
AT-55,net-new,Wire online scoring on production traffic,6-Measurement,Measurement & Monitoring,"Run scorers on a sample of live traffic to monitor quality continuously.","Pick online scorers|Set the sampling rate|Build dashboards|Set alert thresholds|Route low scores to triage","Offline evals catch known failures; online scoring catches the distribution shift you did not anticipate.","Braintrust online|Arize Phoenix|Langfuse","Offline-only evaluation|no sampling on prod|alert thresholds untuned",copilot,"AI scores prod samples continuously; PM tunes thresholds + routing.","braintrust:how-to-eval|concept:llm-observability",gated,med,med,consumer,net-new,now
AT-56,net-new,Monitor hallucination and groundedness rate,6-Measurement,Measurement & Monitoring,"Continuously measure whether outputs are grounded in sources (e.g., every number traces to a tool).","Define the groundedness check|Score a prod sample|Trend the rate|Alert on a rise|Route ungrounded cases to triage","Groundedness is the trust metric; for a grounded product, an ungrounded claim is a sev incident, not a quirk.","Arize Phoenix Evals|Ragas|custom grounding checks","No groundedness metric|trusting fluent output|ignoring slow drift",autonomous,"Runs unattended as a groundedness monitor with alerts.","arize:phoenix-evals|concept:grounded-data-analyst",gated,high,high,consumer,net-new,now
AT-57,modify,Detect quality or behavior drift vs baseline,6-Measurement,Measurement & Monitoring,"Flag when the system's behavior distribution drifts from its baseline.","Set the baseline|Score a rolling window|Flag drift|Segment where it concentrates|Open an RCA","Models drift even when you change nothing (provider updates, input shift); watch the distribution, not a point.","Arize Phoenix|Langfuse|warehouse SQL","Assuming a frozen model is stable|aggregate-only drift|no segmentation",copilot,"AI flags drift + segments it; PM judges whether it is real.","concept:llm-observability|braintrust:how-to-eval",partial,high,med,consumer,T-070;T-071,now
AT-58,modify,Cluster online failures into a triage queue,6-Measurement,Measurement & Monitoring,"Auto-score prod outputs, cluster the failures, and prioritize the queue.","Auto-score prod outputs|Sort by low score|Cluster failures|Prioritize by frequency x severity|Feed novel ones to the dataset","Failing prod outputs are the roadmap; cluster into patterns and grow the dataset from them.","Braintrust|LangSmith|Arize Phoenix","Reviewing one-by-one|ignoring novel modes|not feeding the dataset",copilot,"AI scores + clusters into a triage queue; PM prioritizes.","braintrust:eval-driven-development|aakashg:ankur-goyal",gated,med,med,producer,T-088,now
AT-59,modify,Build a cost/latency/quality dashboard and per-task cost,6-Measurement,Measurement & Monitoring,"Track tokens, cost, latency, and quality per task/run in one view.","Define the unit (per task/run)|Pull tokens+cost+latency+score|Trend them together|Set alerts|Tie spikes to changes","The three axes trade off; you cannot manage quality without seeing its cost and latency beside it.","Helicone|Datadog LLM Obs|Langfuse","Tracking cost without quality|no per-task unit|ignoring latency",copilot,"AI assembles the dashboard; PM reads the trade-offs.","concept:llm-observability|concept:grounded-data-analyst",partial,low,none,none,T-072,now
AT-60,net-new,Wire human feedback (thumbs/edits) into the flywheel,6-Measurement,Measurement & Monitoring,"Capture in-product thumbs and edits and route them to the dataset and triage.","Capture the feedback signal|Map it to traces|Route to the dataset|Close the loop to the user|Monitor signal volume","Human feedback is the cheapest label source; capture the edit, not just the thumbs, because the edit shows the fix.","in-app feedback|Datasets|tracing","Capturing thumbs but not edits|no trace linkage|never using the signal",copilot,"AI routes feedback to the dataset; PM designs the capture + loop.","braintrust:how-to-eval|concept:grounded-data-analyst",partial,med,med,producer,net-new,now
AT-61,modify,Investigate an eval-score regression (RCA),6-Measurement,Measurement & Monitoring,"Root-cause a drop in eval score: is it the model, the judge, the data, or a real regression?","Confirm it is real not judge-noise|Diff the changed component (prompt/model/retrieval/tool)|Timestamp-match to changes|Rank hypotheses|Write the verdict","A score drop has four suspects - model, judge, data, system; eliminate the judge first, because it is cheapest to be wrong.","Braintrust diff|traces|git log","Blaming the model when the judge drifted|correlation-as-cause|stopping at first hypothesis",copilot,"AI assembles the diff + timestamp-matched changes; PM confirms the cause.","braintrust:eval-driven-development|concept:llm-observability",partial,high,med,none,T-070,now
AT-62,modify,Reconcile the offline-eval vs online-quality gap,6-Measurement,Measurement & Monitoring,"Explain why offline eval scores and online quality disagree and fix the eval set.","Compare offline scores to online outcomes|Find the distribution shift|Identify missing cases|Add them to the eval set|Re-validate","When offline says good and prod says bad, the eval set is unrepresentative; the gap is a dataset bug, not a model bug.","Braintrust|warehouse SQL|tracing","Trusting offline over online|not updating the eval set|ignoring the shift",copilot,"AI quantifies the gap + proposes additions; PM curates the eval set.","braintrust:how-to-eval|pixelbank:edd",partial,high,med,producer,T-081,now
AT-63,net-new,Design a red-team campaign,X-Safety,"Safety, Red-teaming & Guardrails","Plan structured adversarial probing of the system against a threat model.","Define the threat model|Generate attack prompts|Run the campaign|Log breaks|Prioritize fixes + regression cases","You red-team so you find the jailbreak before users do; absence of a campaign is not absence of vulnerability.","garak|PyRIT|HarmBench|manual","No threat model|one-off probing|breaks logged but not fixed",human-led,"AI generates attacks + triages breaks; PM owns the threat model + priorities.","arxiv:llm-agent-eval-survey-2025|concept:agent-benchmarking",partial,med,high,producer,net-new,now
AT-64,net-new,Build and maintain a jailbreak and abuse eval corpus,X-Safety,"Safety, Red-teaming & Guardrails","Maintain a versioned corpus of jailbreaks and abuse cases to score model resistance.","Collect known jailbreaks|Categorize by attack type|Score model resistance|Add new attacks|Version","Jailbreak resistance is a measurable, regressable property; if it is not in an eval, it will silently regress.","garak|internal corpus|Lakera","Stale corpus|no categorization|treating safety as one-time",copilot,"AI scores resistance against the corpus; PM curates the attack set.","concept:agent-benchmarking|arxiv:llm-agent-eval-survey-2025",gated,high,high,producer,net-new,now
AT-65,modify,Spec guardrail policy and content filters,X-Safety,"Safety, Red-teaming & Guardrails","Define what the system must never do and the input/output filters that enforce it.","Define disallowed behaviors|Choose input/output filters|Set actions (block/redact/escalate)|Test against the abuse corpus|Document","Guardrails are policy made executable; the filter that is not tested against real attacks is decorative.","Llama Guard|NeMo Guardrails|OpenAI moderation|Guardrails AI","Policy with no enforcement|untested filters|over-blocking valid use",human-led,"AI drafts the policy + filter config; PM/safety own the policy.","arxiv:llm-agent-eval-survey-2025|concept:llm-observability",gated,high,high,none,T-033,now
AT-66,net-new,Calibrate refusal and over-refusal rate,X-Safety,"Safety, Red-teaming & Guardrails","Tune the system to block harmful requests without refusing valid ones.","Build a benign + harmful test set|Measure refuse rates on each|Tune the policy/prompt|Re-measure|Lock the trade-off","Over-refusal is a real product failure; safety and helpfulness trade off and the balance is a product call.","eval suite|Braintrust|Llama Guard","Optimizing harm-blocking only|ignoring over-refusal|no benign set",copilot,"AI measures both rates; PM owns the safety/helpfulness balance.","arxiv:llm-agent-eval-survey-2025|arize:phoenix-evals",gated,high,high,none,net-new,now
AT-67,modify,Triage a safety incident or harmful output,X-Safety,"Safety, Red-teaming & Guardrails","Run the PM side of a live safety incident: contain, communicate, and capture a regression.","Confirm scope + severity|Contain (filter/rollback)|Communicate to stakeholders|Postmortem|Add a regression case","Contain before you diagnose; a harmful output in prod is reversible only forward, via filter or rollback.","incident tooling|flags|traces","Slow containment|no comms|no regression case from the incident",human-led,"AI assembles impact + affected scope; a human owns containment + comms.","arxiv:llm-agent-eval-survey-2025|concept:grounded-data-analyst",partial,high,high,producer,T-060,now
AT-68,net-new,Run a pre-release safety eval gate,X-Safety,"Safety, Red-teaming & Guardrails","Block release on jailbreak, abuse, and PII-leak eval suites failing their floor.","Run jailbreak + abuse + PII suites|Compare to the safety floor|Block on fail|Require sign-off|Log","Safety is a release gate, not a launch-day checklist; a failed safety floor is a hard no-go.","garak|Lakera|Braintrust","Treating safety as advisory|no PII check|overriding a failed floor",human-led,"AI runs the suites; the gate decision stays human.","concept:agent-benchmarking|arxiv:llm-agent-eval-survey-2025",gated,high,high,none,net-new,now
AT-69,modify,Model portfolio build-vs-buy review,X-Inference-Econ,Inference Economics & Model Portfolio,"Decide which capabilities use which models - API, open-weight, or fine-tuned - with lock-in and data-rights weighed.","Map needs to models|Compare API vs open vs fine-tune|Assess lock-in + data rights|Estimate switching cost|Recommend the portfolio","Model choice is a portfolio decision with lock-in risk; do not single-source a capability you cannot switch.","vendor docs|eval data|spreadsheet","Single-vendor lock-in|ignoring data rights|choosing on hype",human-led,"AI assembles the comparison; PM owns the portfolio + lock-in call.","intuitionlabs:rlhf-platforms-2026|concept:agent-benchmarking",partial,med,med,none,T-119;T-093,now
AT-70,modify,Inference cost-per-task budget and unit economics,X-Inference-Econ,Inference Economics & Model Portfolio,"Model the unit economics of an AI feature: cost per task, margin, and the cost-quality frontier.","Define the task unit|Measure tokens x price + tool/infra cost|Model margin per task|Map the cost-quality frontier|Set the budget","For an AI product, inference is COGS; a feature that is loved and unprofitable per call is a problem, not a win.","Helicone|model gateway|spreadsheet","Ignoring per-task cost|no margin model|optimizing quality with no cost ceiling",copilot,"AI computes per-task cost + frontier; PM sets the budget.","concept:llm-observability|concept:grounded-data-analyst",partial,med,none,none,T-093;T-016,now
AT-71,modify,Eval roadmap tied to capability and eval gaps,X-Inference-Econ,Inference Economics & Model Portfolio,"Sequence which evals to build next, ranked by risk and use-case value.","Inventory eval gaps|Rank by risk x use-case value|Sequence the eval builds|Tie to capability bets|Publish","The eval roadmap is the product roadmap for an AI system; you can only build what you can grade.","Braintrust|roadmap tool","Building features ahead of their evals|no risk ranking|orphan evals",human-led,"AI proposes the sequencing from the gap map; PM owns priorities.","braintrust:evals-are-the-new-prd|pixelbank:edd",partial,med,med,none,T-090,now
AT-72,modify,"Data-rights, licensing, and privacy posture for training and traces",X-Inference-Econ,Inference Economics & Model Portfolio,"Set the policy for what data may be used for training/evals, with consent, licensing, and PII handled.","Inventory data sources|Check rights/consent/licensing|Classify PII|Set retention + access|Publish the policy","The flywheel's fuel is user data; using it without rights is a legal and trust failure that compounds.","DPA/legal|data catalog|consent records","Training on data without rights|no consent for trace reuse|PII in datasets",human-led,"AI inventories sources + flags risks; legal/PM own the posture.","intuitionlabs:rlhf-platforms-2026|concept:grounded-data-analyst",none,low,high,producer,T-048,now
AT-73,modify,Capability roadmap tied to eval gaps,X-Inference-Econ,Inference Economics & Model Portfolio,"Set the AI capability strategy: which bets to make, anchored to eval targets and capability deltas.","Synthesize eval gaps + capability deltas|Pick the bets|Tie each to an eval target|Sequence|Write the narrative","Strategy for an AI product is choosing which capabilities to grade-and-grow next; the insight stays human.","strategy doc|eval data","Capability bets with no eval target|chasing benchmarks not use cases|template strategy",human-led,"AI stress-tests the strategy; the differentiating bet stays human.","braintrust:evals-are-the-new-prd|concept:agent-benchmarking",partial,med,med,none,T-092;T-090,now
AT-74,modify,Design usage or token-based pricing for an AI product,H-Commercial,Commercial & Stakeholder,"Price an AI product so revenue tracks the inference cost it incurs.","Pick the value-aligned usage unit|Map unit to inference cost|Set price + included tier|Define overage + caps|Model margin + bill-shock risk","Price the unit that tracks both value and cost; flat pricing on metered COGS is how AI products lose money at scale.","Stripe|Metronome|spreadsheet","Flat price on metered cost|bill-shock risk|metering a non-value unit",copilot,"AI models the pricing scenarios; PM/finance own the call.","classic:T-041|classic:T-027|concept:usage-based-inference-pricing",none,low,none,none,T-041;T-027,now
AT-75,modify,Define AI feature tier-gating and rate limits,H-Commercial,Commercial & Stakeholder,"Decide which AI capabilities, quotas, and model tiers gate which plan.","List AI capabilities + their cost|Assign to tiers|Set per-tier rate limits/quotas|Gate premium models to higher tiers|Check competitive parity","Gate on cost and capability, not just features; rate limits are a margin control, not only a product one.","Stripe|product spec|spreadsheet","Gating table-stakes capability|no rate limits on costly models|quota mismatch with cost",copilot,"AI drafts the gating matrix; PM validates upgrade + margin logic.","classic:T-042|classic:O-PLG-010",none,low,none,none,T-042,now
AT-76,modify,Model the gross-margin impact of an AI feature,H-Commercial,Commercial & Stakeholder,"Project how an AI feature's inference COGS moves gross margin at scale.","Estimate per-use inference cost|Project usage distribution|Model COGS at scale|Run a cost-sensitivity range|Recommend with guardrails","Inference COGS scales with usage; a feature's margin can invert as it succeeds, so model the tail.","spreadsheet|Helicone|warehouse SQL","Ignoring COGS at scale|flat usage assumptions|no sensitivity on token growth",copilot,"AI builds the margin model; PM owns the assumptions.","classic:T-093|classic:T-136",none,low,none,none,T-093;T-136,now
AT-77,modify,Write a GTM or launch brief for an AI capability,H-Commercial,Commercial & Stakeholder,"Position and launch an AI capability around its evaluated capability, trust, and limits.","Set the launch tier|Write positioning around capability + trust|State the limits honestly|Plan enablement|Define launch + quality metrics","Sell the evaluated capability, not the hype; overclaiming an AI capability is a trust debt you pay in churn.","Notion|Braintrust (evidence)|marketing tools","Overclaiming capability|hiding limits|no eval evidence behind claims",copilot,"AI drafts positioning from eval evidence; PMM/PM own the message.","classic:T-045|braintrust:evals-are-the-new-prd",none,low,med,none,T-045,now
AT-78,modify,Triage sales and CS requests for the AI product,H-Commercial,Commercial & Stakeholder,"Triage field requests, separating the model cannot from we have not wired it.","Collect requests with context|Dedupe vs known asks|Classify model-limit vs product-gap|Weight by value|Route or decline with reason","For AI products, half of it does not work is a capability limit, not a backlog item; classify before committing.","Productboard|Salesforce|Slack","Promising capability the model lacks|treating limits as quick fixes|no reply to the field",copilot,"AI dedupes + classifies model-limit vs gap; PM owns commitments.","classic:T-066|classic:O-B2B-003",none,low,none,consumer,T-066,now
AT-79,modify,Build sales enablement for an AI feature,H-Commercial,Commercial & Stakeholder,"Equip the field to set accurate expectations about an AI feature's accuracy, limits, and guardrails.","Summarize what the feature does + its limits|Write the accuracy/trust talk track|Add objection handling (hallucination, data use)|Note guardrails|Distribute","The field will overpromise unless armed with the limits; expectation-setting is the enablement, not just the value pitch.","Notion|Slack|Gong","Value-only pitch with no limits|no objection handling on accuracy/data|stale claims",copilot,"AI drafts the enablement from spec + evals; PM/PMM confirm.","classic:T-129|classic:T-151",none,low,med,none,T-129;T-151,now
AT-80,modify,Run AI win-loss analysis,H-Commercial,Commercial & Stakeholder,"Analyze why deals were won/lost on AI-specific factors: accuracy, trust, hallucination, latency, cost.","Pull won/lost deals|Read notes for AI-specific reasons|Cluster trust/accuracy/latency/cost drivers|Weight by deal size|Tie to eval/roadmap","AI deals are won and lost on trust and reliability; recurring it hallucinated in the POC is roadmap signal.","Gong|Salesforce|Dovetail","Missing AI-trust loss reasons|anecdote over pattern|ignoring deal size",copilot,"AI clusters AI-specific win/loss drivers; PM validates causes.","classic:T-099|classic:O-B2B-009",none,low,med,consumer,T-099,now
AT-81,modify,Prepare an exec or board update on AI quality and economics,H-Commercial,Commercial & Stakeholder,"Brief leadership on eval trend, cost-per-task, safety posture, and the capability roadmap.","Lead with the eval-quality trend|Show cost/run + margin|Surface safety posture + incidents|Tie to the capability roadmap|Pre-empt the hard questions","For an AI product, the board cares about quality trend, unit economics, and safety exposure; show the eval curve, not feature counts.","Slides|Braintrust|spreadsheet","Feature-dump instead of quality/economics|hiding incidents|no eval trend",human-led,"AI drafts from eval + cost data; PM owns framing + the room.","classic:T-095|classic:T-103|braintrust:evals-are-the-new-prd",none,low,med,none,T-095;T-103,now
AT-82,modify,Respond to a why is the AI wrong escalation,H-Commercial,Commercial & Stakeholder,"Handle a stakeholder escalation about AI reliability by reframing expectations with evidence.","Acknowledge + get the specific case|Reproduce + classify the failure|Frame it vs the eval/groundedness data|Set realistic reliability expectations|Log + route the fix","Reframe from it is broken to here is the measured reliability and the fix path; non-determinism needs expectation-setting, not defensiveness.","Slack|traces|Braintrust","Defensiveness|over-promising perfection|no evidence in the reply",human-led,"AI assembles the repro + reliability evidence; PM owns the relationship-sensitive reply.","classic:T-094|classic:T-131",none,low,med,none,T-094;T-131,now
AT-83,modify,Author the AI trust and transparency narrative for buyers,H-Commercial,Commercial & Stakeholder,"Write the buyer-facing account of how the system is evaluated, grounded, and kept safe.","Inventory what buyers ask about AI|Describe the eval + grounding approach|Document data use + retention|State safety + human-oversight controls|Keep it current","Buyers now diligence AI trust like security; a clear transparency narrative deflects the AI questionnaire and accelerates deals.","trust center|Notion|Braintrust","Vague claims|overstating safety|stale artifacts",human-led,"AI drafts the narrative from eval/safety docs; PM/security approve publishing.","classic:O-B2B-013|braintrust:evals-are-the-new-prd",none,low,high,none,O-B2B-013,now
AT-84,modify,Build an AI adoption and engagement scorecard,H-Commercial,Commercial & Stakeholder,"Track adoption of the AI feature and the acceptance/edit rate of its outputs.","Define eligible users|Measure adoption + frequency|Measure acceptance/edit/override rate|Trend vs target|Segment by cohort","For AI features, the acceptance/edit rate is the truest adoption signal - it shows whether users trust the output.","Amplitude|warehouse SQL|in-app feedback","Counting usage not acceptance|ignoring edit rate|no target",copilot,"AI computes adoption + acceptance metrics; PM judges health.","classic:T-139|classic:T-074",partial,low,none,consumer,T-139;T-074,now
AT-85,modify,Handle AI data-use consent and disclosure in the product,H-Commercial,Commercial & Stakeholder,"Spec the in-product consent for using user data in the flywheel and disclosure of AI involvement.","Identify data-use + AI-disclosure points|Spec consent capture + storage|Spec AI-involvement disclosure|Cover opt-out|Review with legal","Consent for the flywheel and disclosure of AI are trust and compliance gates; a silent data-grab or hidden AI is a liability.","product spec|legal review|consent log","Training on data without consent|no AI disclosure|no opt-out",human-led,"AI drafts the consent/disclosure copy + flow; legal/PM own it.","classic:T-048|classic:O-FIN-010|intuitionlabs:rlhf-platforms-2026",none,low,high,producer,T-048;O-FIN-010,now
AT-86,modify,Competitive AI capability and pricing teardown,H-Commercial,Commercial & Stakeholder,"Compare competitors on both AI capability (via your evals) and pricing/packaging.","List competitors|Run their AI on your eval set|Capture their pricing + limits|Normalize for comparison|Flag capability + pricing gaps","Compare AI capability on your task and pricing on value; a competitor's leaderboard win may not survive your eval.","competitor access|Braintrust|spreadsheet","Comparing on public benchmarks|ignoring pricing model|stale capability read",copilot,"AI runs the teardown on your evals + tabulates pricing; PM judges the response.","classic:T-150|classic:T-007|concept:agent-benchmarking",gated,low,none,none,T-150;T-007,now
EVL-01,deepens,Verify trace instrumentation,6-Measurement,Measurement & Monitoring,"Confirm every run logs the fields needed to replay and score it: inputs, full output, tool calls, context, versions, and cost.","Audit a sample run|Check inputs + full output + tool calls + context + versions + cost are logged|Map fields to the gen_ai.* OTel convention|File instrumentation gaps","You cannot evaluate what you did not capture; a run that cannot be replayed and re-scored is invisible to the eval loop.","OpenTelemetry GenAI|Arize Phoenix|Langfuse","Logging the answer but not the tool calls|missing prompt/model versions|no cost capture|inventing a bespoke schema",autonomous,"Auto-audit a sample of runs against the required-field checklist and flag gaps.","playbook:AIDLC-production-evals|otel:genai-semconv",partial,low,med,producer,AT-48;AT-55,now
EVL-02,deepens,Pull a smart trace sample for review,2-Eval-Spec,Eval & Spec Definition (hub),"Assemble ~100 high-yield traces for review, biased to failures and outliers, not a random sample.","Choose the window|Bias to negative-feedback + outliers + known clusters|Stratify by segment|Export for review","Random sampling wastes review on the boring middle; a stratified, failure-biased sample is where the signal lives.","Langfuse|Arize Phoenix|notebook","Random sampling|ignoring negative feedback|no segment stratification|too-small a window",autonomous,"Auto-assemble a stratified, failure-biased sample for human review.","playbook:AIDLC-production-evals|hamel:llm-evals-faq",partial,low,med,consumer,AT-01,now
EVL-03,deepens,Run an open-coding pass,2-Eval-Spec,Eval & Spec Definition (hub),"Read each trace and write a free-text note on the first thing that went wrong, before any categories exist.","Read the full trace|Note the first upstream failure in free text (no categories)|Mark pass/fail|Save the note","Open coding is the irreducible look-at-your-data step; categories imposed too early blind you to the failure you did not expect.","custom annotation viewer|notebook","Imposing categories too early|noting the last error not the first|skimming instead of reading|delegating it to an LLM",human-led,"None for the coding itself - this is the human step; AI only assembles the trace and the viewer.","playbook:AIDLC-production-evals|hamel:llm-evals-faq",none,low,med,producer,AT-01,now
EVL-04,deepens,Axial-code notes into a failure taxonomy,2-Eval-Spec,Eval & Spec Definition (hub),"Cluster the open-coding notes into ~5-10 named, defined failure modes.","Gather all notes|LLM first-pass clustering|Human-validate the clusters|Write a one-line definition per mode","The taxonomy is the vocabulary the team argues in; the LLM proposes clusters, the human owns the names and boundaries.","notebook + LLM|spreadsheet","Too many modes|overlapping modes|accepting LLM clusters unvalidated|vague definitions",copilot,"AI proposes a first-pass clustering of notes; the human validates and names the modes.","playbook:AIDLC-production-evals|hamel:llm-evals-faq",partial,med,med,producer,AT-01;AT-06,now
EVL-05,deepens,Quantify failure rates and triage each mode,2-Eval-Spec,Eval & Spec Definition (hub),"Label all sampled traces against the taxonomy, count each mode, and decide fix vs assertion vs judge vs guardrail.","Label every trace vs the taxonomy|Count the rate per mode|Rank by frequency x severity|Assign each mode to fix / assertion / judge / guardrail","Counting turns anecdotes into priorities; the triage decision is what routes each mode into the rest of the loop.","spreadsheet|Braintrust|Langfuse","Acting on an un-counted anecdote|no severity weighting|every mode routed to fix|skipping the monitor decision",copilot,"AI labels traces against the taxonomy and tallies rates; PM owns the triage routing.","playbook:AIDLC-production-evals|hamel:llm-evals-faq",partial,med,med,producer,AT-01;AT-58,now
EVL-06,deepens,Build a from-prod failure dataset,2-Eval-Spec,Eval & Spec Definition (hub),"Turn confirmed production failures into a labeled, versioned dataset of eval cases.","One-click add failing traces|Attach the note + label|De-dup|Version and freeze the split","Confirmed failures are the highest-value eval cases; a frozen labeled split is what proves a fix and prevents the regression.","Braintrust Datasets|Langfuse Datasets","Unlabeled cases|duplicates inflating the set|leakage into training|an unfrozen split that drifts",copilot,"AI proposes additions from the triage queue; PM curates and labels.","playbook:AIDLC-production-evals|braintrust:eval-driven-development",partial,high,med,producer,AT-09;AT-17,now
EVL-07,deepens,Write a code or assertion grader,2-Eval-Spec,Eval & Spec Definition (hub),"Write a deterministic check for a code or structured output - schema, exact-match, execution, or tool-argument.","Pick one dimension|Write the check (schema/match/exec/tool-arg)|Unit-test the grader|Register it in the suite","Use code for what code can verify; a deterministic assertion is cheaper and more trustworthy than any judge.","Promptfoo|autoevals|Python","Using a judge where an assertion would do|lumping dimensions|an untested grader|no registration",copilot,"AI writes the assertion code from the dimension spec; PM verifies it checks the right thing.","playbook:AIDLC-production-evals|braintrust:how-to-eval",gated,med,none,producer,AT-10,now
EVL-08,deepens,Build and validate an LLM-judge,2-Eval-Spec,Eval & Spec Definition (hub),"Build a single-dimension LLM judge and validate it against human labels before trusting it.","Write the judge prompt + rubric (allow an Unknown verdict)|Collect 50-100 binary human labels|Split 75/25 train/test|Measure TPR/TNR on the held-out labels","Who validates the validators? A judge is untrusted until it agrees with humans; allowing Unknown stops it from guessing.","Braintrust|Arize Phoenix Evals|DeepEval","Trusting an unvalidated judge|no Unknown option|labeling and testing on the same data|a multi-dimension judge",copilot,"AI drafts the judge prompt; PM owns the labels and the TPR/TNR bar.","playbook:AIDLC-production-evals|hamel:llm-evals-faq",partial,high,med,producer,AT-11;AT-12,now
EVL-09,deepens,Recalibrate a judge against fresh labels,2-Eval-Spec,Eval & Spec Definition (hub),"Re-check an in-production judge against fresh human labels to catch judge-human drift.","Sample recent judged items|Re-label a gold subset|Recompute TPR/TNR or kappa|Adjust the judge prompt","A judge drifts as the input distribution moves; an uncalibrated judge silently stops measuring what you think.","Braintrust|Arize Phoenix|spreadsheet","Never recalibrating|too-small a gold subset|adjusting without re-measuring|ignoring the drift",copilot,"AI recomputes agreement and proposes prompt fixes; PM owns the fresh gold labels.","playbook:AIDLC-production-evals|braintrust:eval-driven-development",partial,high,med,producer,AT-12,now
EVL-10,deepens,Generate and validate structured synthetic data,2-Eval-Spec,Eval & Spec Definition (hub),"Bootstrap an eval set when no production data exists, then validate realism and leakage.","Define the input dimensions|Hand-write ~20 seed tuples|Two-step generate from the seeds|Validate realism + check leakage vs eval","Synthetic data unblocks a cold start, but unvalidated it is contamination; hand-write the seeds so the dimensions are real.","frontier model|dedup tools","No seed examples|mode-collapsed generations|leakage into the eval set|skipping the realism check",copilot,"AI generates from the seeds; PM validates realism and leakage.","playbook:AIDLC-production-evals|braintrust:how-to-eval",partial,high,med,producer,AT-46,now
EVL-11,deepens,Curate golden and adversarial sets; version splits,2-Eval-Spec,Eval & Spec Definition (hub),"Maintain the stable golden bar plus an adversarial/incident-repro set, with versioned splits.","Sample representative + hard cases|Minimize incident repros into cases|Label the expected behavior|Freeze the versioned split","The golden set is the stable bar; the adversarial set is the immune memory; both must be frozen to stay comparable.","Braintrust/Langfuse Datasets|Promptfoo","Mixing golden and adversarial|unfrozen splits|no incident repros|leakage",copilot,"AI proposes candidate cases; PM curates the golden and adversarial splits.","playbook:AIDLC-production-evals|braintrust:eval-driven-development",partial,high,med,producer,AT-09;AT-17,now
EVL-12,deepens,Configure eval-gated CI (assertions then judges),2-Eval-Spec,Eval & Spec Definition (hub),"Block merges that regress the eval suite: assertions first, judges where needed, thresholds, deltas commented on the PR.","Wire the suite to the PR|Run assertions first, judges where needed|Set the thresholds|Fail the build + comment the deltas","The eval is the unit test for a non-deterministic system; if it is not in CI it is not a gate.","Promptfoo|Braintrust GitHub Action","Eval not in CI|thresholds too loose|judges where assertions suffice|silent overrides",autonomous,"Runs the eval gate automatically on every PR.","playbook:AIDLC-production-evals|braintrust:eval-driven-development",gated,high,med,none,AT-49;AT-20,now
EVL-13,deepens,Wire online scoring and drift alerts,6-Measurement,Measurement & Monitoring,"Score a sample of production traffic with reference-free scorers and alert when the lower-bound CI breaches a floor.","Pick reference-free scorers|Set the sampling rate|Build dashboards|Alert on the lower-bound CI breaching the floor","Production has no reference answer, so score reference-free; alert on the CI lower bound, not the point estimate, to avoid noise.","Braintrust online|Arize Phoenix|HoneyHive","Alerting on the point estimate|no sampling discipline|reference-based scorers in prod|untuned thresholds",copilot,"AI scores prod samples continuously; PM tunes scorers and thresholds.","playbook:AIDLC-production-evals|concept:llm-observability",gated,med,med,consumer,AT-55;AT-57,now
EVL-14,deepens,Investigate an eval-score regression (RCA),6-Measurement,Measurement & Monitoring,"Root-cause an eval-score drop: distinguish judge variance from a real regression, then localize the component.","Confirm it is real, not judge variance|Diff the changed component (prompt/model/retrieval/tool)|Timestamp-match to deploys|Write the verdict","A score drop has four suspects - model, judge, data, system; eliminate judge noise first because it is the cheapest way to be fooled.","Braintrust diff|traces|git log","Blaming the model when the judge drifted|correlation-as-cause|no timestamp match|stopping at the first hypothesis",copilot,"AI assembles the diff and timestamp-matched changes; PM confirms the cause.","playbook:AIDLC-production-evals|braintrust:eval-driven-development",partial,high,med,none,AT-61,now
EVL-15,deepens,Build the agent transition-failure matrix,6-Measurement,Measurement & Monitoring,"Localize where multi-step agent runs break by tallying last-success against first-failure states.","Define the agent states|Tally last-success x first-failure across runs|Rank the transition hotspots|Link exemplar traces","A drop-off in an agent is a transition failure, not a funnel step; the matrix shows which hand-off actually breaks.","traces|notebook","Reading the aggregate not the transition|ill-defined states|no exemplar links|ignoring rare-but-fatal transitions",copilot,"AI tallies the transition matrix from traces; PM reads the hotspots.","playbook:AIDLC-production-evals|arxiv:gaia2-are-2025",partial,med,none,consumer,AT-01;AT-58,now
EVL-16,deepens,Plan eval-gated canary/shadow and rollback,6-Measurement,Measurement & Monitoring,"Graduate a model or prompt change safely: pin the bundle, shadow then canary, gate on online scores, define the rollback rule.","Pin the bundle (model + prompt + tools)|Shadow, then canary a traffic %|Wire online scorers|Set the advance / rollback rule","A model change is a prod change gated on online quality; ungraded autonomous rollout is the dangerous quadrant - pin so rollback is one click.","model gateway|feature flags|online evals","Big-bang rollout|no online scoring|an unpinned bundle|no rollback rule",copilot,"AI drafts the ramp + gates and watches the scorers; a human authorizes advance or rollback.","playbook:AIDLC-production-evals|braintrust:eval-driven-development",gated,high,med,none,AT-50;AT-51;AT-53,now
